<?xml version="1.0" encoding="UTF-8"?>
<project-private xmlns="http://www.netbeans.org/ns/project-private/1">
    <editor-bookmarks xmlns="http://www.netbeans.org/ns/editor-bookmarks/2" lastBookmarkId="0"/>
    <open-files xmlns="http://www.netbeans.org/ns/projectui-open-files/2">
        <group>
            <file>file:/home/juan/Documentos/SegundoCuatrimestre1415/SMM/sistemasMultimediaJava/Nueva%20Carpeta/OpenMOJ/src/Programa/VentanaPrincipal.java</file>
            <file>file:/home/juan/Documentos/SegundoCuatrimestre1415/SMM/sistemasMultimediaJava/Nueva%20Carpeta/OpenMOJ/src/Programa/P10.java</file>
        </group>
    </open-files>
</project-private>
